col1,col2,col3,col4,col5,col6,col7,col8
1,1,234,456,-92.08174,51,S,1
1,2,234,456,-92.08174,13,NE,1
1,3,234,456,-92.08174,48,NE,1
1,4,234,456,-92.08174,30,W,1
1,5,234,456,-92.08174,47,S,1
1,6,234,456,-92.08174,9,S,1
1,7,234,456,-92.08174,53,N,1
